netting_id,parent_node_id,parent_dimension,check_type,net_variance,gross_variance,netting_ratio,child_details,period_id,created_at
4da58426-5731-4240-a60a-c1ba0216497a,guy_carpenter|cc_app_dev|geo_india,cross_account,cross_account,364.31999999999914,1321.1200000000003,3.6262626262626356,"[{'account_id': 'acct_advisory_fees', 'pl_category': 'Revenue', 'variance_amount': 60.579999999999984, 'variance_pct': 14.066454594004686}, {'account_id': 'acct_consulting_fees', 'pl_category': 'Revenue', 'variance_amount': -34.869999999999976, 'variance_pct': -15.484014209591464}, {'account_id': 'acct_reinsurance_comm', 'pl_category': 'Revenue', 'variance_amount': -283.35000000000036, 'variance_pct': -5.36205966675183}, {'account_id': 'acct_investment_income', 'pl_category': 'Revenue', 'variance_amount': 10.5, 'variance_pct': 4.7496268150359615}, {'account_id': 'acct_data_analytics_rev', 'pl_category': 'Revenue', 'variance_amount': 15.360000000000014, 'variance_pct': 5.184285135682468}, {'account_id': 'acct_other_revenue', 'pl_category': 'Revenue', 'variance_amount': -7.420000000000002, 'variance_pct': -9.695544231020516}, {'account_id': 'acct_direct_comp', 'pl_category': 'COGS', 'variance_amount': 252.19999999999982, 'variance_pct': 15.355483709914077}, {'account_id': 'acct_subcontractor', 'pl_category': 'COGS', 'variance_amount': -12.509999999999991, 'variance_pct': -3.256540413900818}, {'account_id': 'acct_direct_tech', 'pl_category': 'COGS', 'variance_amount': -1.0600000000000023, 'variance_pct': -0.4479756571718376}, {'account_id': 'acct_other_direct', 'pl_category': 'COGS', 'variance_amount': 11.490000000000009, 'variance_pct': 8.921500116468678}, {'account_id': 'acct_comp_benefits', 'pl_category': 'OpEx', 'variance_amount': 138.72000000000003, 'variance_pct': 9.719730941704038}, {'account_id': 'acct_tech_infra', 'pl_category': 'OpEx', 'variance_amount': 74.25999999999999, 'variance_pct': 24.226804123711336}, {'account_id': 'acct_prof_services', 'pl_category': 'OpEx', 'variance_amount': 23.210000000000008, 'variance_pct': 12.833840199059999}, {'account_id': 'acct_occupancy', 'pl_category': 'OpEx', 'variance_amount': -21.819999999999993, 'variance_pct': -7.54364736387208}, {'account_id': 'acct_travel', 'pl_category': 'OpEx', 'variance_amount': -5.1499999999999915, 'variance_pct': -3.903289373957853}, {'account_id': 'acct_marketing', 'pl_category': 'OpEx', 'variance_amount': -3.6500000000000057, 'variance_pct': -3.6775818639798548}, {'account_id': 'acct_da', 'pl_category': 'OpEx', 'variance_amount': -24.110000000000014, 'variance_pct': -11.055575935436543}, {'account_id': 'acct_insurance', 'pl_category': 'OpEx', 'variance_amount': 2.2600000000000016, 'variance_pct': 7.278582930756848}, {'account_id': 'acct_training', 'pl_category': 'OpEx', 'variance_amount': -5.849999999999994, 'variance_pct': -10.531053105310521}, {'account_id': 'acct_other_opex', 'pl_category': 'OpEx', 'variance_amount': -6.52000000000001, 'variance_pct': -7.87059391598263}, {'account_id': 'acct_interest_exp', 'pl_category': 'NonOp', 'variance_amount': 4.430000000000007, 'variance_pct': 5.611857106663297}, {'account_id': 'acct_interest_inc', 'pl_category': 'NonOp', 'variance_amount': -1.9399999999999977, 'variance_pct': -4.0240613980501925}, {'account_id': 'acct_other_nonop', 'pl_category': 'NonOp', 'variance_amount': -0.6100000000000003, 'variance_pct': -7.493857493857497}, {'account_id': 'acct_tax', 'pl_category': 'Tax', 'variance_amount': -3.9799999999999898, 'variance_pct': -1.6884439165111107}, {'account_id': 'acct_revenue', 'pl_category': 'Revenue', 'variance_amount': -239.20000000000033, 'variance_pct': -3.660794906720135}, {'account_id': 'acct_cor', 'pl_category': 'COGS', 'variance_amount': 250.11999999999983, 'variance_pct': 10.456652884442523}, {'account_id': 'acct_opex', 'pl_category': 'OpEx', 'variance_amount': 171.35000000000002, 'variance_pct': 6.070794641686715}, {'account_id': 'acct_non_op', 'pl_category': 'NonOp', 'variance_amount': 1.8800000000000088, 'variance_pct': 1.3896075097937828}]",2026-06,2026-03-29 02:26:39.564658+00:00
1b226b1c-c60d-46b7-b92b-e3e9c06b8517,marsh|cc_data_eng|geo_india,cross_account,cross_account,370.9900000000012,1214.5299999999995,3.2737540095420243,"[{'account_id': 'acct_advisory_fees', 'pl_category': 'Revenue', 'variance_amount': 574.4200000000001, 'variance_pct': 8.901927237337203}, {'account_id': 'acct_consulting_fees', 'pl_category': 'Revenue', 'variance_amount': -159.02999999999997, 'variance_pct': -20.025184159163885}, {'account_id': 'acct_investment_income', 'pl_category': 'Revenue', 'variance_amount': -6.009999999999991, 'variance_pct': -1.5506076008152923}, {'account_id': 'acct_data_analytics_rev', 'pl_category': 'Revenue', 'variance_amount': 9.330000000000041, 'variance_pct': 1.6660714285714358}, {'account_id': 'acct_other_revenue', 'pl_category': 'Revenue', 'variance_amount': -22.329999999999984, 'variance_pct': -8.500190331176242}, {'account_id': 'acct_direct_comp', 'pl_category': 'COGS', 'variance_amount': -118.10999999999967, 'variance_pct': -4.577144119390942}, {'account_id': 'acct_subcontractor', 'pl_category': 'COGS', 'variance_amount': -75.43999999999994, 'variance_pct': -13.286368439591396}, {'account_id': 'acct_direct_tech', 'pl_category': 'COGS', 'variance_amount': -44.420000000000016, 'variance_pct': -11.168380559676166}, {'account_id': 'acct_other_direct', 'pl_category': 'COGS', 'variance_amount': 13.170000000000016, 'variance_pct': 7.385598923283992}, {'account_id': 'acct_comp_benefits', 'pl_category': 'OpEx', 'variance_amount': -97.29999999999995, 'variance_pct': -4.5918319191309}, {'account_id': 'acct_tech_infra', 'pl_category': 'OpEx', 'variance_amount': 81.56999999999994, 'variance_pct': 18.507930025185473}, {'account_id': 'acct_prof_services', 'pl_category': 'OpEx', 'variance_amount': 57.43000000000001, 'variance_pct': 23.57843741019009}, {'account_id': 'acct_occupancy', 'pl_category': 'OpEx', 'variance_amount': -34.39999999999998, 'variance_pct': -9.443544623493557}, {'account_id': 'acct_travel', 'pl_category': 'OpEx', 'variance_amount': -7.780000000000001, 'variance_pct': -4.199730094466937}, {'account_id': 'acct_marketing', 'pl_category': 'OpEx', 'variance_amount': -5.9199999999999875, 'variance_pct': -4.485528110319736}, {'account_id': 'acct_da', 'pl_category': 'OpEx', 'variance_amount': -4.909999999999968, 'variance_pct': -1.901994964168107}, {'account_id': 'acct_insurance', 'pl_category': 'OpEx', 'variance_amount': 2.1099999999999994, 'variance_pct': 4.878612716763005}, {'account_id': 'acct_training', 'pl_category': 'OpEx', 'variance_amount': -0.8400000000000034, 'variance_pct': -1.1756473058082622}, {'account_id': 'acct_other_opex', 'pl_category': 'OpEx', 'variance_amount': 9.199999999999989, 'variance_pct': 9.176142030720117}, {'account_id': 'acct_interest_exp', 'pl_category': 'NonOp', 'variance_amount': 2.6400000000000006, 'variance_pct': 3.364343061042437}, {'account_id': 'acct_interest_inc', 'pl_category': 'NonOp', 'variance_amount': 0.8699999999999974, 'variance_pct': 1.8300378628523295}, {'account_id': 'acct_other_nonop', 'pl_category': 'NonOp', 'variance_amount': 0.08999999999999986, 'variance_pct': 1.1278195488721787}, {'account_id': 'acct_tax', 'pl_category': 'Tax', 'variance_amount': 22.310000000000002, 'variance_pct': 6.82096123272594}, {'account_id': 'acct_revenue', 'pl_category': 'Revenue', 'variance_amount': 396.38000000000017, 'variance_pct': 4.686894007472924}, {'account_id': 'acct_cor', 'pl_category': 'COGS', 'variance_amount': -224.7999999999996, 'variance_pct': -6.036066031555083}, {'account_id': 'acct_opex', 'pl_category': 'OpEx', 'variance_amount': -0.8399999999999608, 'variance_pct': -0.021223429655699393}, {'account_id': 'acct_non_op', 'pl_category': 'NonOp', 'variance_amount': 3.599999999999998, 'variance_pct': 2.686767669229045}]",2026-06,2026-03-29 02:26:39.568418+00:00
dea82f8d-916e-4fa9-95a9-8f1d2e3ad6c5,marsh|cc_hr|geo_us_ne,cross_account,cross_account,58.50999999999851,591.1699999999981,10.103742949923316,"[{'account_id': 'acct_advisory_fees', 'pl_category': 'Revenue', 'variance_amount': 254.20999999999913, 'variance_pct': 2.5249680914991695}, {'account_id': 'acct_consulting_fees', 'pl_category': 'Revenue', 'variance_amount': -77.87000000000012, 'variance_pct': -6.411850436816069}, {'account_id': 'acct_investment_income', 'pl_category': 'Revenue', 'variance_amount': -33.32999999999993, 'variance_pct': -5.7485339772335164}, {'account_id': 'acct_data_analytics_rev', 'pl_category': 'Revenue', 'variance_amount': -29.16999999999996, 'variance_pct': -3.6301412482110584}, {'account_id': 'acct_other_revenue', 'pl_category': 'Revenue', 'variance_amount': 48.58000000000004, 'variance_pct': 15.669451343418395}, {'account_id': 'acct_direct_comp', 'pl_category': 'COGS', 'variance_amount': -341.37999999999965, 'variance_pct': -8.7732643903843}, {'account_id': 'acct_subcontractor', 'pl_category': 'COGS', 'variance_amount': 106.6400000000001, 'variance_pct': 14.135174900255837}, {'account_id': 'acct_direct_tech', 'pl_category': 'COGS', 'variance_amount': 62.33000000000004, 'variance_pct': 12.008708384710243}, {'account_id': 'acct_other_direct', 'pl_category': 'COGS', 'variance_amount': -0.009999999999990905, 'variance_pct': -0.003916807018914616}, {'account_id': 'acct_comp_benefits', 'pl_category': 'OpEx', 'variance_amount': -120.12000000000035, 'variance_pct': -4.015027943417932}, {'account_id': 'acct_tech_infra', 'pl_category': 'OpEx', 'variance_amount': 161.92999999999995, 'variance_pct': 25.475913281520395}, {'account_id': 'acct_prof_services', 'pl_category': 'OpEx', 'variance_amount': -53.120000000000005, 'variance_pct': -12.476512589252161}, {'account_id': 'acct_occupancy', 'pl_category': 'OpEx', 'variance_amount': 6.509999999999991, 'variance_pct': 1.2403543869677034}, {'account_id': 'acct_travel', 'pl_category': 'OpEx', 'variance_amount': 12.060000000000002, 'variance_pct': 4.56541490006057}, {'account_id': 'acct_marketing', 'pl_category': 'OpEx', 'variance_amount': -10.04000000000002, 'variance_pct': -5.004735556552524}, {'account_id': 'acct_da', 'pl_category': 'OpEx', 'variance_amount': 29.710000000000036, 'variance_pct': 7.7241056572379465}, {'account_id': 'acct_insurance', 'pl_category': 'OpEx', 'variance_amount': 5.3700000000000045, 'variance_pct': 7.975642358532607}, {'account_id': 'acct_training', 'pl_category': 'OpEx', 'variance_amount': 1.8499999999999943, 'variance_pct': 1.7553847613625526}, {'account_id': 'acct_other_opex', 'pl_category': 'OpEx', 'variance_amount': 1.5900000000000034, 'variance_pct': 1.0151312009193663}, {'account_id': 'acct_interest_exp', 'pl_category': 'NonOp', 'variance_amount': 6.450000000000003, 'variance_pct': 5.390272438575968}, {'account_id': 'acct_interest_inc', 'pl_category': 'NonOp', 'variance_amount': -0.4899999999999949, 'variance_pct': -0.6965174129353162}, {'account_id': 'acct_other_nonop', 'pl_category': 'NonOp', 'variance_amount': -0.3899999999999988, 'variance_pct': -3.239202657807299}, {'account_id': 'acct_tax', 'pl_category': 'Tax', 'variance_amount': -4.110000000000014, 'variance_pct': -0.8360455655004095}, {'account_id': 'acct_revenue', 'pl_category': 'Revenue', 'variance_amount': 162.41999999999916, 'variance_pct': 1.2517243771048896}, {'account_id': 'acct_cor', 'pl_category': 'COGS', 'variance_amount': -172.4199999999995, 'variance_pct': -3.1812277671995064}, {'account_id': 'acct_opex', 'pl_category': 'OpEx', 'variance_amount': 35.73999999999961, 'variance_pct': 0.6208364094323987}, {'account_id': 'acct_non_op', 'pl_category': 'NonOp', 'variance_amount': 5.570000000000009, 'variance_pct': 2.756743380351403}]",2026-06,2026-03-29 02:26:39.569588+00:00
edc006c9-57a4-430f-9097-e37687f447d7,marsh|cc_infra_cloud|geo_india,cross_account,cross_account,97.95999999999913,897.08,9.157615353205472,"[{'account_id': 'acct_advisory_fees', 'pl_category': 'Revenue', 'variance_amount': 192.73999999999978, 'variance_pct': 2.84177530601352}, {'account_id': 'acct_consulting_fees', 'pl_category': 'Revenue', 'variance_amount': 113.48000000000002, 'variance_pct': 15.025687198771253}, {'account_id': 'acct_investment_income', 'pl_category': 'Revenue', 'variance_amount': -37.0, 'variance_pct': -9.26389584376565}, {'account_id': 'acct_data_analytics_rev', 'pl_category': 'Revenue', 'variance_amount': -47.150000000000034, 'variance_pct': -9.32205065343325}, {'account_id': 'acct_other_revenue', 'pl_category': 'Revenue', 'variance_amount': 26.690000000000026, 'variance_pct': 12.332501617225777}, {'account_id': 'acct_direct_comp', 'pl_category': 'COGS', 'variance_amount': -403.2800000000002, 'variance_pct': -15.79780316206773}, {'account_id': 'acct_subcontractor', 'pl_category': 'COGS', 'variance_amount': -31.56000000000006, 'variance_pct': -5.808517686899558}, {'account_id': 'acct_direct_tech', 'pl_category': 'COGS', 'variance_amount': -34.43000000000001, 'variance_pct': -9.35623250631811}, {'account_id': 'acct_other_direct', 'pl_category': 'COGS', 'variance_amount': 5.149999999999977, 'variance_pct': 2.7726930117368243}, {'account_id': 'acct_comp_benefits', 'pl_category': 'OpEx', 'variance_amount': 145.77999999999997, 'variance_pct': 7.1676516574395475}, {'account_id': 'acct_tech_infra', 'pl_category': 'OpEx', 'variance_amount': 57.34000000000003, 'variance_pct': 12.861404571249139}, {'account_id': 'acct_prof_services', 'pl_category': 'OpEx', 'variance_amount': 15.230000000000018, 'variance_pct': 5.674366616989575}, {'account_id': 'acct_occupancy', 'pl_category': 'OpEx', 'variance_amount': -28.029999999999973, 'variance_pct': -7.237657508779172}, {'account_id': 'acct_travel', 'pl_category': 'OpEx', 'variance_amount': 25.03, 'variance_pct': 13.85168788046486}, {'account_id': 'acct_marketing', 'pl_category': 'OpEx', 'variance_amount': 9.069999999999993, 'variance_pct': 6.840636548759329}, {'account_id': 'acct_da', 'pl_category': 'OpEx', 'variance_amount': 21.420000000000016, 'variance_pct': 8.862959285004973}, {'account_id': 'acct_insurance', 'pl_category': 'OpEx', 'variance_amount': 2.8599999999999994, 'variance_pct': 6.369710467706012}, {'account_id': 'acct_training', 'pl_category': 'OpEx', 'variance_amount': 11.280000000000001, 'variance_pct': 15.929953396412937}, {'account_id': 'acct_other_opex', 'pl_category': 'OpEx', 'variance_amount': -4.159999999999997, 'variance_pct': -3.638590046357034}, {'account_id': 'acct_interest_exp', 'pl_category': 'NonOp', 'variance_amount': 11.310000000000002, 'variance_pct': 14.475873544093181}, {'account_id': 'acct_interest_inc', 'pl_category': 'NonOp', 'variance_amount': -1.2800000000000011, 'variance_pct': -2.6750261233019876}, {'account_id': 'acct_other_nonop', 'pl_category': 'NonOp', 'variance_amount': -0.2400000000000002, 'variance_pct': -2.9776674937965284}, {'account_id': 'acct_tax', 'pl_category': 'Tax', 'variance_amount': -2.5400000000000205, 'variance_pct': -0.750946073793762}, {'account_id': 'acct_revenue', 'pl_category': 'Revenue', 'variance_amount': 248.7599999999998, 'variance_pct': 2.872772752311693}, {'account_id': 'acct_cor', 'pl_category': 'COGS', 'variance_amount': -464.1200000000003, 'variance_pct': -12.716208700131245}, {'account_id': 'acct_opex', 'pl_category': 'OpEx', 'variance_amount': 255.82000000000005, 'variance_pct': 6.525387845055838}, {'account_id': 'acct_non_op', 'pl_category': 'NonOp', 'variance_amount': 9.790000000000001, 'variance_pct': 7.303789913458671}]",2026-06,2026-03-29 02:26:39.570341+00:00
d9e1bda4-cae4-476f-85d7-952ffe673283,marsh|cc_placement|geo_us_w,cross_account,cross_account,-1155.159999999994,7316.759999999993,6.333979708438685,"[{'account_id': 'acct_advisory_fees', 'pl_category': 'Revenue', 'variance_amount': 882.75, 'variance_pct': 1.8535981852691075}, {'account_id': 'acct_consulting_fees', 'pl_category': 'Revenue', 'variance_amount': 1038.8000000000002, 'variance_pct': 19.924429867464568}, {'account_id': 'acct_investment_income', 'pl_category': 'Revenue', 'variance_amount': -142.6500000000001, 'variance_pct': -5.064203377555625}, {'account_id': 'acct_data_analytics_rev', 'pl_category': 'Revenue', 'variance_amount': -244.6800000000003, 'variance_pct': -6.204467480303586}, {'account_id': 'acct_other_revenue', 'pl_category': 'Revenue', 'variance_amount': 6.180000000000064, 'variance_pct': 0.3557182573259003}, {'account_id': 'acct_direct_comp', 'pl_category': 'COGS', 'variance_amount': -2181.9699999999975, 'variance_pct': -11.224645173902072}, {'account_id': 'acct_subcontractor', 'pl_category': 'COGS', 'variance_amount': 101.78999999999996, 'variance_pct': 2.590834468101352}, {'account_id': 'acct_direct_tech', 'pl_category': 'COGS', 'variance_amount': 257.28999999999996, 'variance_pct': 10.333886262586503}, {'account_id': 'acct_other_direct', 'pl_category': 'COGS', 'variance_amount': 25.610000000000127, 'variance_pct': 2.068157958491491}, {'account_id': 'acct_comp_benefits', 'pl_category': 'OpEx', 'variance_amount': -998.289999999999, 'variance_pct': -7.266854860899802}, {'account_id': 'acct_tech_infra', 'pl_category': 'OpEx', 'variance_amount': 161.34000000000015, 'variance_pct': 4.837360469404464}, {'account_id': 'acct_prof_services', 'pl_category': 'OpEx', 'variance_amount': 156.42000000000007, 'variance_pct': 8.004503236701382}, {'account_id': 'acct_occupancy', 'pl_category': 'OpEx', 'variance_amount': -7.010000000000218, 'variance_pct': -0.2585084688259518}, {'account_id': 'acct_travel', 'pl_category': 'OpEx', 'variance_amount': 126.98000000000002, 'variance_pct': 10.10022271714922}, {'account_id': 'acct_marketing', 'pl_category': 'OpEx', 'variance_amount': -47.690000000000055, 'variance_pct': -4.897158641652039}, {'account_id': 'acct_da', 'pl_category': 'OpEx', 'variance_amount': 191.92000000000007, 'variance_pct': 9.429243822990419}, {'account_id': 'acct_insurance', 'pl_category': 'OpEx', 'variance_amount': -9.689999999999998, 'variance_pct': -2.985396512416045}, {'account_id': 'acct_training', 'pl_category': 'OpEx', 'variance_amount': 41.80000000000001, 'variance_pct': 8.579462654707418}, {'account_id': 'acct_other_opex', 'pl_category': 'OpEx', 'variance_amount': -59.15999999999997, 'variance_pct': -7.431600633118103}, {'account_id': 'acct_interest_exp', 'pl_category': 'NonOp', 'variance_amount': 23.280000000000086, 'variance_pct': 3.9156322535069275}, {'account_id': 'acct_interest_inc', 'pl_category': 'NonOp', 'variance_amount': -10.82000000000005, 'variance_pct': -3.0021364557032406}, {'account_id': 'acct_other_nonop', 'pl_category': 'NonOp', 'variance_amount': -1.8800000000000026, 'variance_pct': -3.2114793303723994}, {'account_id': 'acct_tax', 'pl_category': 'Tax', 'variance_amount': 224.19999999999982, 'variance_pct': 9.583244282966438}, {'account_id': 'acct_revenue', 'pl_category': 'Revenue', 'variance_amount': 1540.3999999999999, 'variance_pct': 2.511451036324086}, {'account_id': 'acct_cor', 'pl_category': 'COGS', 'variance_amount': -1797.2799999999975, 'variance_pct': -6.633003666221082}, {'account_id': 'acct_opex', 'pl_category': 'OpEx', 'variance_amount': -443.379999999999, 'variance_pct': -1.6056941337008863}, {'account_id': 'acct_non_op', 'pl_category': 'NonOp', 'variance_amount': 10.580000000000034, 'variance_pct': 1.0439175522205482}]",2026-06,2026-03-29 02:26:39.571804+00:00
17bc7e22-8337-41fc-8e2f-c1a3c6011b19,mercer|cc_data_eng|geo_singapore,cross_account,cross_account,-400.1200000000001,1316.2400000000005,3.2896131160651807,"[{'account_id': 'acct_advisory_fees', 'pl_category': 'Revenue', 'variance_amount': -321.3700000000001, 'variance_pct': -20.23817020794237}, {'account_id': 'acct_consulting_fees', 'pl_category': 'Revenue', 'variance_amount': -175.55000000000018, 'variance_pct': -3.0745169742059355}, {'account_id': 'acct_investment_income', 'pl_category': 'Revenue', 'variance_amount': -11.319999999999936, 'variance_pct': -1.4339641762306423}, {'account_id': 'acct_data_analytics_rev', 'pl_category': 'Revenue', 'variance_amount': 82.43000000000006, 'variance_pct': 16.664308096634}, {'account_id': 'acct_other_revenue', 'pl_category': 'Revenue', 'variance_amount': -3.280000000000001, 'variance_pct': -1.6860285802405683}, {'account_id': 'acct_direct_comp', 'pl_category': 'COGS', 'variance_amount': 350.9000000000001, 'variance_pct': 15.283300739992253}, {'account_id': 'acct_subcontractor', 'pl_category': 'COGS', 'variance_amount': -49.18000000000001, 'variance_pct': -9.687967851233159}, {'account_id': 'acct_direct_tech', 'pl_category': 'COGS', 'variance_amount': 20.069999999999993, 'variance_pct': 5.709977524253889}, {'account_id': 'acct_other_direct', 'pl_category': 'COGS', 'variance_amount': -14.960000000000008, 'variance_pct': -8.946298289678273}, {'account_id': 'acct_comp_benefits', 'pl_category': 'OpEx', 'variance_amount': -71.09999999999991, 'variance_pct': -3.5488250444227}, {'account_id': 'acct_tech_infra', 'pl_category': 'OpEx', 'variance_amount': 12.539999999999964, 'variance_pct': 2.8165850590719113}, {'account_id': 'acct_prof_services', 'pl_category': 'OpEx', 'variance_amount': 11.989999999999952, 'variance_pct': 4.607639689493487}, {'account_id': 'acct_occupancy', 'pl_category': 'OpEx', 'variance_amount': -17.20999999999998, 'variance_pct': -4.822889810559349}, {'account_id': 'acct_travel', 'pl_category': 'OpEx', 'variance_amount': 0.18000000000000682, 'variance_pct': 0.10757829309108703}, {'account_id': 'acct_marketing', 'pl_category': 'OpEx', 'variance_amount': 2.549999999999997, 'variance_pct': 2.245904527038926}, {'account_id': 'acct_da', 'pl_category': 'OpEx', 'variance_amount': -24.0, 'variance_pct': -9.304850153142326}, {'account_id': 'acct_insurance', 'pl_category': 'OpEx', 'variance_amount': 3.0, 'variance_pct': 6.825938566552901}, {'account_id': 'acct_training', 'pl_category': 'OpEx', 'variance_amount': 6.8799999999999955, 'variance_pct': 10.085019055995303}, {'account_id': 'acct_other_opex', 'pl_category': 'OpEx', 'variance_amount': 4.950000000000003, 'variance_pct': 4.912176242929446}, {'account_id': 'acct_interest_exp', 'pl_category': 'NonOp', 'variance_amount': -8.680000000000007, 'variance_pct': -8.3953960731212}, {'account_id': 'acct_interest_inc', 'pl_category': 'NonOp', 'variance_amount': -2.25, 'variance_pct': -3.5183737294761532}, {'account_id': 'acct_other_nonop', 'pl_category': 'NonOp', 'variance_amount': -0.8599999999999994, 'variance_pct': -8.052434456928834}, {'account_id': 'acct_tax', 'pl_category': 'Tax', 'variance_amount': 8.420000000000016, 'variance_pct': 2.7304861043551627}, {'account_id': 'acct_revenue', 'pl_category': 'Revenue', 'variance_amount': -429.09000000000015, 'variance_pct': -4.889140067841106}, {'account_id': 'acct_cor', 'pl_category': 'COGS', 'variance_amount': 306.83000000000004, 'variance_pct': 9.235413807219054}, {'account_id': 'acct_opex', 'pl_category': 'OpEx', 'variance_amount': -70.21999999999997, 'variance_pct': -1.8394285250256048}, {'account_id': 'acct_non_op', 'pl_category': 'NonOp', 'variance_amount': -11.790000000000006, 'variance_pct': -6.62285136501517}]",2026-06,2026-03-29 02:26:39.573251+00:00
b7b24ff4-f06a-4542-bc8c-2cd2803f5910,mercer|cc_finance|geo_us_ne,cross_account,cross_account,240.5199999999998,989.28,4.1130883086645635,"[{'account_id': 'acct_advisory_fees', 'pl_category': 'Revenue', 'variance_amount': -154.8499999999999, 'variance_pct': -12.147479898019212}, {'account_id': 'acct_consulting_fees', 'pl_category': 'Revenue', 'variance_amount': 505.6999999999998, 'variance_pct': 10.94693001065036}, {'account_id': 'acct_investment_income', 'pl_category': 'Revenue', 'variance_amount': -34.460000000000036, 'variance_pct': -4.779472954230241}, {'account_id': 'acct_data_analytics_rev', 'pl_category': 'Revenue', 'variance_amount': 15.28000000000003, 'variance_pct': 3.8584884220095526}, {'account_id': 'acct_other_revenue', 'pl_category': 'Revenue', 'variance_amount': -24.22, 'variance_pct': -14.082214082214081}, {'account_id': 'acct_direct_comp', 'pl_category': 'COGS', 'variance_amount': -18.210000000000036, 'variance_pct': -0.8060732149971245}, {'account_id': 'acct_subcontractor', 'pl_category': 'COGS', 'variance_amount': 26.620000000000005, 'variance_pct': 6.02671496490831}, {'account_id': 'acct_direct_tech', 'pl_category': 'COGS', 'variance_amount': -14.080000000000041, 'variance_pct': -4.529515843654509}, {'account_id': 'acct_other_direct', 'pl_category': 'COGS', 'variance_amount': 9.939999999999998, 'variance_pct': 7.080780737996864}, {'account_id': 'acct_comp_benefits', 'pl_category': 'OpEx', 'variance_amount': -204.06999999999994, 'variance_pct': -11.216026821292145}, {'account_id': 'acct_tech_infra', 'pl_category': 'OpEx', 'variance_amount': 36.410000000000025, 'variance_pct': 9.371702144088962}, {'account_id': 'acct_prof_services', 'pl_category': 'OpEx', 'variance_amount': 3.5600000000000023, 'variance_pct': 1.6547364506832771}, {'account_id': 'acct_occupancy', 'pl_category': 'OpEx', 'variance_amount': -4.319999999999993, 'variance_pct': -1.3722998729351947}, {'account_id': 'acct_travel', 'pl_category': 'OpEx', 'variance_amount': -22.150000000000006, 'variance_pct': -13.746664184199098}, {'account_id': 'acct_marketing', 'pl_category': 'OpEx', 'variance_amount': -5.970000000000013, 'variance_pct': -5.062325108114994}, {'account_id': 'acct_da', 'pl_category': 'OpEx', 'variance_amount': 1.75, 'variance_pct': 0.7583308055639815}, {'account_id': 'acct_insurance', 'pl_category': 'OpEx', 'variance_amount': 6.090000000000003, 'variance_pct': 15.332326283987923}, {'account_id': 'acct_training', 'pl_category': 'OpEx', 'variance_amount': -1.8299999999999983, 'variance_pct': -2.8692380056444}, {'account_id': 'acct_other_opex', 'pl_category': 'OpEx', 'variance_amount': -6.359999999999999, 'variance_pct': -6.591356617266038}, {'account_id': 'acct_interest_exp', 'pl_category': 'NonOp', 'variance_amount': 1.460000000000008, 'variance_pct': 1.6575840145322527}, {'account_id': 'acct_interest_inc', 'pl_category': 'NonOp', 'variance_amount': -0.5799999999999983, 'variance_pct': -1.0978610637895103}, {'account_id': 'acct_other_nonop', 'pl_category': 'NonOp', 'variance_amount': -0.21000000000000085, 'variance_pct': -2.3204419889502854}, {'account_id': 'acct_tax', 'pl_category': 'Tax', 'variance_amount': 9.519999999999982, 'variance_pct': 3.461818181818175}, {'account_id': 'acct_revenue', 'pl_category': 'Revenue', 'variance_amount': 307.44999999999993, 'variance_pct': 4.280060306460391}, {'account_id': 'acct_cor', 'pl_category': 'COGS', 'variance_amount': 4.269999999999925, 'variance_pct': 0.13546825379199834}, {'account_id': 'acct_opex', 'pl_category': 'OpEx', 'variance_amount': -196.88999999999993, 'variance_pct': -5.710730569767844}, {'account_id': 'acct_non_op', 'pl_category': 'NonOp', 'variance_amount': 0.6700000000000088, 'variance_pct': 0.446785809549219}]",2026-06,2026-03-29 02:26:39.574132+00:00
d364070a-1065-4a0e-9352-7c4f081f7d78,mercer|cc_strategy|geo_us_ne,cross_account,cross_account,-205.77000000000027,1027.5699999999997,4.993779462506675,"[{'account_id': 'acct_advisory_fees', 'pl_category': 'Revenue', 'variance_amount': 117.44000000000005, 'variance_pct': 9.461125119835016}, {'account_id': 'acct_consulting_fees', 'pl_category': 'Revenue', 'variance_amount': 79.73999999999978, 'variance_pct': 1.62903914474423}, {'account_id': 'acct_investment_income', 'pl_category': 'Revenue', 'variance_amount': -1.490000000000009, 'variance_pct': -0.21682188591385462}, {'account_id': 'acct_data_analytics_rev', 'pl_category': 'Revenue', 'variance_amount': -15.899999999999977, 'variance_pct': -3.916159700499982}, {'account_id': 'acct_other_revenue', 'pl_category': 'Revenue', 'variance_amount': 25.659999999999997, 'variance_pct': 15.916139436794442}, {'account_id': 'acct_direct_comp', 'pl_category': 'COGS', 'variance_amount': -132.23000000000002, 'variance_pct': -5.768895171282482}, {'account_id': 'acct_subcontractor', 'pl_category': 'COGS', 'variance_amount': 3.9700000000000273, 'variance_pct': 0.8581371722542912}, {'account_id': 'acct_direct_tech', 'pl_category': 'COGS', 'variance_amount': -29.649999999999977, 'variance_pct': -9.029448487986107}, {'account_id': 'acct_other_direct', 'pl_category': 'COGS', 'variance_amount': 1.8100000000000023, 'variance_pct': 1.1731155616047717}, {'account_id': 'acct_comp_benefits', 'pl_category': 'OpEx', 'variance_amount': -147.8900000000001, 'variance_pct': -7.9371638955379336}, {'account_id': 'acct_tech_infra', 'pl_category': 'OpEx', 'variance_amount': 11.379999999999995, 'variance_pct': 2.699176964493251}, {'account_id': 'acct_prof_services', 'pl_category': 'OpEx', 'variance_amount': -17.25, 'variance_pct': -7.28032413269182}, {'account_id': 'acct_occupancy', 'pl_category': 'OpEx', 'variance_amount': -44.089999999999975, 'variance_pct': -12.401901493628865}, {'account_id': 'acct_travel', 'pl_category': 'OpEx', 'variance_amount': 6.939999999999998, 'variance_pct': 4.623276264073011}, {'account_id': 'acct_marketing', 'pl_category': 'OpEx', 'variance_amount': -0.28000000000000114, 'variance_pct': -0.23163467902051715}, {'account_id': 'acct_da', 'pl_category': 'OpEx', 'variance_amount': 30.210000000000008, 'variance_pct': 13.090956363478792}, {'account_id': 'acct_insurance', 'pl_category': 'OpEx', 'variance_amount': 3.3399999999999963, 'variance_pct': 8.442871587462072}, {'account_id': 'acct_training', 'pl_category': 'OpEx', 'variance_amount': 0.14999999999999147, 'variance_pct': 0.2310536044362161}, {'account_id': 'acct_other_opex', 'pl_category': 'OpEx', 'variance_amount': 6.359999999999999, 'variance_pct': 7.2735590118938696}, {'account_id': 'acct_interest_exp', 'pl_category': 'NonOp', 'variance_amount': 1.9200000000000017, 'variance_pct': 2.193784277879344}, {'account_id': 'acct_interest_inc', 'pl_category': 'NonOp', 'variance_amount': -3.1699999999999946, 'variance_pct': -5.955288371219227}, {'account_id': 'acct_other_nonop', 'pl_category': 'NonOp', 'variance_amount': -0.4399999999999995, 'variance_pct': -4.960541149943625}, {'account_id': 'acct_tax', 'pl_category': 'Tax', 'variance_amount': 1.170000000000016, 'variance_pct': 0.41133455210238223}, {'account_id': 'acct_revenue', 'pl_category': 'Revenue', 'variance_amount': 205.44999999999985, 'variance_pct': 2.7798712694316974}, {'account_id': 'acct_cor', 'pl_category': 'COGS', 'variance_amount': -156.09999999999997, 'variance_pct': -4.82175566270568}, {'account_id': 'acct_opex', 'pl_category': 'OpEx', 'variance_amount': -151.13000000000008, 'variance_pct': -4.232147857742931}, {'account_id': 'acct_non_op', 'pl_category': 'NonOp', 'variance_amount': -1.6899999999999924, 'variance_pct': -1.1295281379494668}]",2026-06,2026-03-29 02:26:39.576017+00:00
c1b1e583-2b19-450e-b0f2-0b15500e035f,oliver_wyman|cc_hr|geo_us_ne,cross_account,cross_account,-163.46000000000043,870.6600000000005,5.326440719442054,"[{'account_id': 'acct_advisory_fees', 'pl_category': 'Revenue', 'variance_amount': 10.29000000000002, 'variance_pct': 3.326759561604869}, {'account_id': 'acct_consulting_fees', 'pl_category': 'Revenue', 'variance_amount': -285.72000000000025, 'variance_pct': -9.358970159520466}, {'account_id': 'acct_investment_income', 'pl_category': 'Revenue', 'variance_amount': 2.7099999999999937, 'variance_pct': 3.2968369829683617}, {'account_id': 'acct_data_analytics_rev', 'pl_category': 'Revenue', 'variance_amount': 15.649999999999977, 'variance_pct': 6.840034965034955}, {'account_id': 'acct_other_revenue', 'pl_category': 'Revenue', 'variance_amount': -1.4599999999999937, 'variance_pct': -1.1878610365307898}, {'account_id': 'acct_direct_comp', 'pl_category': 'COGS', 'variance_amount': 99.83000000000004, 'variance_pct': 10.15709256659138}, {'account_id': 'acct_subcontractor', 'pl_category': 'COGS', 'variance_amount': 22.680000000000007, 'variance_pct': 11.099148478026821}, {'account_id': 'acct_direct_tech', 'pl_category': 'COGS', 'variance_amount': -14.830000000000013, 'variance_pct': -9.604922279792753}, {'account_id': 'acct_other_direct', 'pl_category': 'COGS', 'variance_amount': -0.13000000000000966, 'variance_pct': -0.1675473643510886}, {'account_id': 'acct_comp_benefits', 'pl_category': 'OpEx', 'variance_amount': 16.460000000000036, 'variance_pct': 2.1636542885310597}, {'account_id': 'acct_tech_infra', 'pl_category': 'OpEx', 'variance_amount': 35.640000000000015, 'variance_pct': 21.194100856327317}, {'account_id': 'acct_prof_services', 'pl_category': 'OpEx', 'variance_amount': -0.519999999999996, 'variance_pct': -0.49354593773727795}, {'account_id': 'acct_occupancy', 'pl_category': 'OpEx', 'variance_amount': 20.25999999999999, 'variance_pct': 14.346409856960765}, {'account_id': 'acct_travel', 'pl_category': 'OpEx', 'variance_amount': 5.61999999999999, 'variance_pct': 8.236845962186706}, {'account_id': 'acct_marketing', 'pl_category': 'OpEx', 'variance_amount': 2.0899999999999963, 'variance_pct': 3.685417034032792}, {'account_id': 'acct_da', 'pl_category': 'OpEx', 'variance_amount': -8.700000000000003, 'variance_pct': -7.56521739130435}, {'account_id': 'acct_insurance', 'pl_category': 'OpEx', 'variance_amount': 2.219999999999999, 'variance_pct': 12.443946188340801}, {'account_id': 'acct_training', 'pl_category': 'OpEx', 'variance_amount': 2.3099999999999987, 'variance_pct': 7.916381082933512}, {'account_id': 'acct_other_opex', 'pl_category': 'OpEx', 'variance_amount': -4.969999999999999, 'variance_pct': -11.138502913491706}, {'account_id': 'acct_interest_exp', 'pl_category': 'NonOp', 'variance_amount': -0.020000000000010232, 'variance_pct': -0.02446183953034519}, {'account_id': 'acct_interest_inc', 'pl_category': 'NonOp', 'variance_amount': 0.1599999999999966, 'variance_pct': 0.3152709359605844}, {'account_id': 'acct_other_nonop', 'pl_category': 'NonOp', 'variance_amount': 0.8600000000000012, 'variance_pct': 10.274790919952226}, {'account_id': 'acct_tax', 'pl_category': 'Tax', 'variance_amount': -4.320000000000007, 'variance_pct': -3.2712403452975978}, {'account_id': 'acct_revenue', 'pl_category': 'Revenue', 'variance_amount': -258.53000000000026, 'variance_pct': -6.810374803746991}, {'account_id': 'acct_cor', 'pl_category': 'COGS', 'variance_amount': 107.55000000000003, 'variance_pct': 7.57826647594755}, {'account_id': 'acct_opex', 'pl_category': 'OpEx', 'variance_amount': 70.41000000000003, 'variance_pct': 4.67197940374369}, {'account_id': 'acct_non_op', 'pl_category': 'NonOp', 'variance_amount': 0.9999999999999876, 'variance_pct': 0.7098239636570043}]",2026-06,2026-03-29 02:26:39.580299+00:00
30d0304a-26a2-4cd9-b398-c9bca91a73f1,oliver_wyman|cc_marketing|geo_netherlands,cross_account,cross_account,244.6000000000015,858.9999999999995,3.511856091578063,"[{'account_id': 'acct_advisory_fees', 'pl_category': 'Revenue', 'variance_amount': 23.799999999999955, 'variance_pct': 2.608019110862723}, {'account_id': 'acct_consulting_fees', 'pl_category': 'Revenue', 'variance_amount': -134.38999999999942, 'variance_pct': -1.3766096212095544}, {'account_id': 'acct_investment_income', 'pl_category': 'Revenue', 'variance_amount': -11.129999999999995, 'variance_pct': -4.7978273989136975}, {'account_id': 'acct_data_analytics_rev', 'pl_category': 'Revenue', 'variance_amount': -17.930000000000064, 'variance_pct': -2.5029314869618715}, {'account_id': 'acct_other_revenue', 'pl_category': 'Revenue', 'variance_amount': -13.949999999999989, 'variance_pct': -3.5650396115512364}, {'account_id': 'acct_direct_comp', 'pl_category': 'COGS', 'variance_amount': 303.1100000000001, 'variance_pct': 8.925290334738879}, {'account_id': 'acct_subcontractor', 'pl_category': 'COGS', 'variance_amount': -59.870000000000005, 'variance_pct': -7.747554221232984}, {'account_id': 'acct_direct_tech', 'pl_category': 'COGS', 'variance_amount': -57.19, 'variance_pct': -10.859410603068511}, {'account_id': 'acct_other_direct', 'pl_category': 'COGS', 'variance_amount': -6.239999999999952, 'variance_pct': -2.3227247347850186}, {'account_id': 'acct_comp_benefits', 'pl_category': 'OpEx', 'variance_amount': 40.15000000000009, 'variance_pct': 1.5648506863516993}, {'account_id': 'acct_tech_infra', 'pl_category': 'OpEx', 'variance_amount': 74.85000000000002, 'variance_pct': 12.061880589799376}, {'account_id': 'acct_prof_services', 'pl_category': 'OpEx', 'variance_amount': -38.97000000000003, 'variance_pct': -10.19729956039356}, {'account_id': 'acct_occupancy', 'pl_category': 'OpEx', 'variance_amount': 16.660000000000082, 'variance_pct': 3.1224814918939336}, {'account_id': 'acct_travel', 'pl_category': 'OpEx', 'variance_amount': 14.069999999999993, 'variance_pct': 6.130184733356566}, {'account_id': 'acct_marketing', 'pl_category': 'OpEx', 'variance_amount': 0.4899999999999807, 'variance_pct': 0.2798241105590661}, {'account_id': 'acct_da', 'pl_category': 'OpEx', 'variance_amount': -24.02000000000004, 'variance_pct': -6.464809581482987}, {'account_id': 'acct_insurance', 'pl_category': 'OpEx', 'variance_amount': 1.6099999999999994, 'variance_pct': 2.870898716119828}, {'account_id': 'acct_training', 'pl_category': 'OpEx', 'variance_amount': -13.740000000000009, 'variance_pct': -13.067047075606283}, {'account_id': 'acct_other_opex', 'pl_category': 'OpEx', 'variance_amount': 15.310000000000002, 'variance_pct': 11.000143698807301}, {'account_id': 'acct_interest_exp', 'pl_category': 'NonOp', 'variance_amount': 6.339999999999975, 'variance_pct': 2.6573895548662816}, {'account_id': 'acct_interest_inc', 'pl_category': 'NonOp', 'variance_amount': -1.0600000000000023, 'variance_pct': -0.745166959578209}, {'account_id': 'acct_other_nonop', 'pl_category': 'NonOp', 'variance_amount': 2.039999999999999, 'variance_pct': 8.7067861715749}, {'account_id': 'acct_tax', 'pl_category': 'Tax', 'variance_amount': 4.720000000000027, 'variance_pct': 1.0660643704122028}, {'account_id': 'acct_revenue', 'pl_category': 'Revenue', 'variance_amount': -153.5999999999995, 'variance_pct': -1.2784445591197338}, {'account_id': 'acct_cor', 'pl_category': 'COGS', 'variance_amount': 179.81000000000017, 'variance_pct': 3.622185559201716}, {'account_id': 'acct_opex', 'pl_category': 'OpEx', 'variance_amount': 86.4100000000001, 'variance_pct': 1.6686009126036256}, {'account_id': 'acct_non_op', 'pl_category': 'NonOp', 'variance_amount': 7.319999999999972, 'variance_pct': 1.8107158759214297}]",2026-06,2026-03-29 02:26:39.581231+00:00
53d1868a-de16-4c2e-83be-c64245c5806b,oliver_wyman|cc_new_biz|geo_us_ne,cross_account,cross_account,-287.7699999999999,1117.7899999999995,3.8843173367619968,"[{'account_id': 'acct_advisory_fees', 'pl_category': 'Revenue', 'variance_amount': 1.1499999999999773, 'variance_pct': 0.3558388514140656}, {'account_id': 'acct_consulting_fees', 'pl_category': 'Revenue', 'variance_amount': -382.40999999999985, 'variance_pct': -12.154701400741844}, {'account_id': 'acct_investment_income', 'pl_category': 'Revenue', 'variance_amount': -3.789999999999992, 'variance_pct': -4.9986810867844795}, {'account_id': 'acct_data_analytics_rev', 'pl_category': 'Revenue', 'variance_amount': 34.339999999999975, 'variance_pct': 16.663431677018618}, {'account_id': 'acct_other_revenue', 'pl_category': 'Revenue', 'variance_amount': -0.6800000000000068, 'variance_pct': -0.5280733090005488}, {'account_id': 'acct_direct_comp', 'pl_category': 'COGS', 'variance_amount': 104.44999999999993, 'variance_pct': 10.26182639878174}, {'account_id': 'acct_subcontractor', 'pl_category': 'COGS', 'variance_amount': -45.920000000000016, 'variance_pct': -19.640718562874255}, {'account_id': 'acct_direct_tech', 'pl_category': 'COGS', 'variance_amount': 13.910000000000025, 'variance_pct': 9.886282871357517}, {'account_id': 'acct_other_direct', 'pl_category': 'COGS', 'variance_amount': -6.150000000000006, 'variance_pct': -8.064516129032265}, {'account_id': 'acct_comp_benefits', 'pl_category': 'OpEx', 'variance_amount': 129.37, 'variance_pct': 15.728684149736782}, {'account_id': 'acct_tech_infra', 'pl_category': 'OpEx', 'variance_amount': -0.7299999999999898, 'variance_pct': -0.38846317581949225}, {'account_id': 'acct_prof_services', 'pl_category': 'OpEx', 'variance_amount': -1.1499999999999915, 'variance_pct': -1.095864303411465}, {'account_id': 'acct_occupancy', 'pl_category': 'OpEx', 'variance_amount': -7.640000000000015, 'variance_pct': -5.046235138705426}, {'account_id': 'acct_travel', 'pl_category': 'OpEx', 'variance_amount': 10.129999999999995, 'variance_pct': 14.927792513999405}, {'account_id': 'acct_marketing', 'pl_category': 'OpEx', 'variance_amount': 2.0999999999999943, 'variance_pct': 4.198320671731296}, {'account_id': 'acct_da', 'pl_category': 'OpEx', 'variance_amount': 6.109999999999999, 'variance_pct': 5.492628550880978}, {'account_id': 'acct_insurance', 'pl_category': 'OpEx', 'variance_amount': 0.4800000000000004, 'variance_pct': 2.6359143327841865}, {'account_id': 'acct_training', 'pl_category': 'OpEx', 'variance_amount': 0.11999999999999744, 'variance_pct': 0.4063664070436757}, {'account_id': 'acct_other_opex', 'pl_category': 'OpEx', 'variance_amount': 2.8799999999999955, 'variance_pct': 6.881720430107515}, {'account_id': 'acct_interest_exp', 'pl_category': 'NonOp', 'variance_amount': 1.6700000000000017, 'variance_pct': 1.9425380946841941}, {'account_id': 'acct_interest_inc', 'pl_category': 'NonOp', 'variance_amount': 0.8500000000000014, 'variance_pct': 1.6959297685554697}, {'account_id': 'acct_other_nonop', 'pl_category': 'NonOp', 'variance_amount': 0.6699999999999999, 'variance_pct': 7.863849765258216}, {'account_id': 'acct_tax', 'pl_category': 'Tax', 'variance_amount': -7.289999999999992, 'variance_pct': -5.473383887679249}, {'account_id': 'acct_revenue', 'pl_category': 'Revenue', 'variance_amount': -351.3899999999999, 'variance_pct': -9.056349934536755}, {'account_id': 'acct_cor', 'pl_category': 'COGS', 'variance_amount': 66.28999999999994, 'variance_pct': 4.513791952935083}, {'account_id': 'acct_opex', 'pl_category': 'OpEx', 'variance_amount': 141.67, 'variance_pct': 8.935464338875294}, {'account_id': 'acct_non_op', 'pl_category': 'NonOp', 'variance_amount': 3.190000000000003, 'variance_pct': 2.2059331996404143}]",2026-06,2026-03-29 02:26:39.581948+00:00
